active_user_count,url,title,subscribers,subreddit_type,spoilers_enabled,public_description,over18,created,created_utc,lang,videos_allowed,images_allowed,created_date,name,asof
1042,/r/announcements/,Announcements,67495355,restricted,True,"Official announcements from Reddit, Inc.",False,1245284901.0,1245256101.0,en,True,True,06-18-2009,announcements,09-06-2020
31423,/r/funny/,funny,32873884,public,True,"Welcome to r/Funny, Reddit's largest humour depository.",False,1201271756.0,1201242956.0,en,True,True,01-25-2008,funny,09-06-2020
95279,/r/AskReddit/,Ask Reddit...,29621838,public,True,r/AskReddit is the place to ask and answer thought-provoking questions.,False,1201261935.0,1201233135.0,es,False,False,01-25-2008,AskReddit,09-06-2020
41137,/r/gaming/,r/gaming,27779619,public,True,"A subreddit for (almost) anything related to games - video games, board games, card games, etc. (but not sports).",False,1190083405.0,1190054605.0,en,False,True,09-18-2007,gaming,09-06-2020
26264,/r/aww/,A subreddit for cute and cuddly pictures,26441388,public,True,"Things that make you go AWW! Like puppies, bunnies, babies, and so on...

A place for really cute pictures and videos!",False,1201262822.0,1201234022.0,en,True,True,01-25-2008,aww,09-06-2020
37610,/r/pics/,Reddit Pics,25744783,public,True,A place for pictures and photographs.,False,1201249869.0,1201221069.0,en,False,True,01-25-2008,pics,09-06-2020
13488,/r/Music/,/r/Music,25260867,public,True,The musical community of reddit,False,1201264232.0,1201235432.0,en,True,False,01-25-2008,Music,09-06-2020
10284,/r/science/,Reddit Science,25008731,public,False,"This community is a place to share and discuss new scientific research. Read about the latest advances in astronomy, biology, medicine, physics, social science, and more. Find and submit new publications and popular science coverage of current research.",False,1161208466.0,1161179666.0,en,False,False,10-19-2006,science,09-06-2020
28467,/r/worldnews/,World News,24951174,public,False,"A place for major news from around the world, excluding US-internal news.",False,1201259919.0,1201231119.0,en,False,False,01-25-2008,worldnews,09-06-2020
27745,/r/videos/,/r/videos,23809767,public,True,"The best place for video content of all kinds. 

Please read the sidebar below for our rules.",False,1201261036.0,1201232236.0,en,False,False,01-25-2008,videos,09-06-2020
17669,/r/todayilearned/,Today I Learned (TIL),23727305,public,False,"You learn something new every day; what did you learn today?
Submit interesting and specific facts about something that you just found out here.",False,1230475619.0,1230446819.0,en,False,False,12-28-2008,todayilearned,09-06-2020
12759,/r/movies/,Movie News and Discussion,23674836,public,True,News & Discussion about Major Motion Pictures,False,1201272750.0,1201243950.0,en,False,True,01-25-2008,movies,09-06-2020
18686,/r/news/,"All news, US and international.",21704774,public,False,"/r/news is: real news articles, primarily but not exclusively, news relating to the United States and the rest of the World. /r/news isn't: editorials, commercials, political minutiae, shouting, justin bieber updates, kitty pictures. For a subreddit for all news-related content (editorials, satire, etc.) visit /r/inthenews.",False,1201272565.0,1201243765.0,en,False,False,01-25-2008,news,09-06-2020
23891,/r/Showerthoughts/,Showerthoughts,20846617,public,True,A subreddit for sharing those miniature epiphanies you have that highlight the oddities within the familiar.,False,1319001919.0,1318973119.0,en,False,True,10-19-2011,Showerthoughts,09-06-2020
5136,/r/IAmA/,IAmA,20412176,public,True,"I Am A, where the mundane becomes fascinating and the outrageous suddenly seems normal.",False,1243497365.0,1243468565.0,en,False,True,05-28-2009,IAmA,09-06-2020
29045,/r/EarthPorn/,EarthPorn: Amazing images of light and landscape,20439749,public,True,EarthPorn is your community of landscape photographers and those who appreciate the natural beauty of our home planet.,False,1297698566.0,1297669766.0,en,False,True,02-15-2011,EarthPorn,09-06-2020
8255,/r/gifs/,".gifs - funny, animated gifs for your viewing pleasure",20372994,public,True,"Funny, animated GIFs: Your favorite computer file type!

Officially pronounced with a hard ""J""",False,1234635407.0,1234606607.0,en,False,True,02-15-2009,gifs,09-06-2020
7692,/r/askscience/,AskScience: Got Questions? Get Answers.,19659378,public,True,"Ask a science question, get a science answer.",False,1220628764.0,1220599964.0,en,False,True,09-06-2008,askscience,09-06-2020
3610,/r/food/,Welcome to /r/Food on Reddit!,19707787,public,True,Images of Food,False,1201275191.0,1201246391.0,en,False,True,01-26-2008,food,09-06-2020
13982,/r/Jokes/,Jokes: Get Your Funny On!,19128173,public,True,"The funniest sub on reddit. Hundreds of jokes posted each day, and some of them aren't even reposts!",False,1201311072.0,1201282272.0,en,False,False,01-26-2008,Jokes,09-06-2020
11970,/r/explainlikeimfive/,Explain Like I'm Five | Don't Panic!,18496565,public,False,"Explain Like I'm Five is the best forum and archive on the internet for layperson-friendly explanations.


Don't Panic!",False,1311895300.0,1311866500.0,en,False,False,07-29-2011,explainlikeimfive,09-06-2020
7264,/r/books/,"So many books, so little time",18438916,public,True,"This is a moderated subreddit. It is our intent and purpose to foster and encourage in-depth discussion about all things related to books, authors, genres, or publishing in a safe, supportive environment. If you're looking for help with a personal book recommendation, consult our Weekly Recommendation Thread, Suggested Reading page, or ask in r/suggestmeabook.",False,1201273652.0,1201244852.0,en,False,False,01-26-2008,books,09-06-2020
13038,/r/LifeProTips/,Life Pro Tips,18383887,public,True,Tips that improve your life in one way or another.,False,1288018727.0,1287989927.0,en,False,True,10-25-2010,LifeProTips,09-06-2020
6084,/r/Art/,Art,18366309,public,True,"This is a subreddit about art.

We do not support the reddit redesign. It is horrible and the admins have ignored our feedback. Please do not use it. Go to your preferences and enable old reddit as your default experience.",False,1201311524.0,1201282724.0,en,False,True,01-26-2008,Art,09-06-2020
13802,/r/mildlyinteresting/,"For photos that are, you know, mildly interesting",18009846,public,True,"Aww, cripes. I didn't know I'd have to write a description. How many words is that so far, like a hundred? Soooo, yeah. Mildly interesting stuff. Stuff that interests you. Mildly. It's in the name, ffs.",False,1328453681.0,1328424881.0,en,False,True,02-05-2012,mildlyinteresting,09-06-2020
491,/r/blog/,Blog,17866139,restricted,True,"The official blog for Reddit, Inc.",False,1201273404.0,1201244604.0,en,True,True,01-26-2008,blog,09-06-2020
1884,/r/DIY/,DIY,17932719,public,False,"A place where people can come to learn and share their experiences of doing, building and fixing things on their own.",False,1201311864.0,1201283064.0,en,False,True,01-26-2008,DIY,09-06-2020
3501,/r/sports/,Reddit Sports,17785978,public,True,"Sports News and Highlights from the NFL, NBA, NHL, MLB, MLS, and leagues around the world.",False,1190083381.0,1190054581.0,en,True,True,09-18-2007,sports,09-06-2020
1716,/r/nottheonion/,"Sadly, this is not the Onion.",17675111,public,False,For true stories that are so mind-blowingly ridiculous that you could have sworn they were from The Onion.,False,1224996803.0,1224968003.0,en,False,False,10-26-2008,nottheonion,09-06-2020
4471,/r/space/,Space Discussion,17337059,public,True,"Share & discuss informative content on:

* Astrophysics
* Cosmology
* Space Exploration
* Planetary Science
* Astrobiology",False,1201356474.0,1201327674.0,en,True,True,01-26-2008,space,09-06-2020
1048,/r/gadgets/,gadgets,17301160,public,True,"From Vintage gadgetry to the latest and greatest, /r/Gadgets is all about discussing, reviewing, and enjoying gadgets.",False,1190083353.0,1190054553.0,en,False,False,09-18-2007,gadgets,09-06-2020
1782,/r/Documentaries/,Documentaries,16709926,public,True,tl;dw,False,1206134522.0,1206105722.0,en,True,True,03-22-2008,Documentaries,09-06-2020
6164,/r/television/,Television News and Discussion,16583310,public,True, â€Ž,False,1201305154.0,1201276354.0,en,False,False,01-26-2008,television,09-06-2020
3105,/r/GetMotivated/,Get Motivated!,16531670,public,False,"Welcome to /r/GetMotivated! Weâ€™re glad you made it. This is the subreddit that will help you finally get up and do what you *know* you need to do. Itâ€™s the subreddit to give and receive motivation through pictures, videos, text, music, AMAâ€™s, personal stories, and anything and everything that you find particularly motivating and/or inspiring.

So browse around, ask questions, give advice, form/join a support group. But donâ€™t spend too much time here; youâ€™ve got *better* things to do.",False,1269718315.0,1269689515.0,en,True,True,03-28-2010,GetMotivated,09-06-2020
6579,/r/photoshopbattles/,PhotoshopBattles,16526419,public,True,"Photoshop contests on reddit. A place to battle using image manipulation software, play photoshop tennis, create new images from old photos, or even win reddit gold.",False,1327039822.0,1327011022.0,en,False,True,01-20-2012,photoshopbattles,09-06-2020
811,/r/listentothis/,Listen To This,16215506,public,True,"Listentothis is the place to discover new and overlooked music.

All submissions link directly to music streams. Automated moderation removes spam, reposts, household name bands, and poor amateur music. Other content includes AMAs from on-topic artists, an album discussion club, and genre appreciation threads.

Content is tagged by genre and split into editions for easy browsing. Music charts are posted monthly. Sidebar features multireddits that include all 600+ of the other music subreddits.",False,1241611786.0,1241582986.0,en,True,False,05-06-2009,listentothis,09-06-2020
2104,/r/UpliftingNews/,Uplifting News,16221876,public,True,"A place to read and share positive and uplifting, feel good news stories.",False,1337158193.0,1337129393.0,en,False,False,05-16-2012,UpliftingNews,09-06-2020
21426,/r/tifu/,Today I Fucked Up,16251028,public,True,"WELCOME TO /r/TIFU! 

Today I Fucked Up is a community for the dumbass in all of us. We all have those moments where we do something ridiculously stupid. Let us make each other feel better about ourselves. Come and check it out!

Why you should join us: It's funny, interesting, cringe-worthy, laugh-causing, smile-inducing, feel-good, ridiculous, humor, humorous, humerus, stupid, cool, awesome, but mostly because it's the best community on reddit.",False,1330857954.0,1330829154.0,en,False,True,03-04-2012,tifu,09-06-2020
1088,/r/InternetIsBeautiful/,10/10 would bookmark again,15234964,public,True,"This is a subreddit based around sharing awesome, usually minimal and single-purpose websites and webtools. 

Also, note to self: If this subreddit gets huge, awesome, if it does not, I will simply use it to back up my bookmarks! << top kek

Sure, I'm dissapointed you guys removed my post, I was keen to hear what people on the Internet thought of it. But it mainly saddens me to see beauty constrained by such tyranny",False,1343214171.0,1343185371.0,en,False,False,07-25-2012,InternetIsBeautiful,09-06-2020
2008,/r/history/,History,15099578,public,True,"/r/History is a place for discussions about history. Feel free to submit interesting articles, tell us about this cool book you just read, or start a discussion about who everyone's favorite figure of minor French nobility is!   
  
------------------------------------------------------------
  
This is a somewhat more serious subreddit compared to many others. Make sure to familiarize yourself with our rules and guidelines before participating. Thanks!",False,1201274856.0,1201246056.0,en,False,False,01-26-2008,history,09-06-2020
1340,/r/philosophy/,philosophy,15078098,public,True,The portal for public philosophy.,False,1201276120.0,1201247320.0,en,True,False,01-26-2008,philosophy,09-06-2020
7676,/r/dataisbeautiful/,Data Is Beautiful,14926496,public,True,"A place to share and discuss visual representations of data: Graphs, charts, maps, etc.",False,1329291958.0,1329263158.0,en,True,True,02-15-2012,dataisbeautiful,09-06-2020
738,/r/Futurology/,Future(s) Studies,14834851,public,True,"Welcome to r/Futurology, a subreddit devoted to the field of Future(s) Studies and speculation about the development of humanity, technology, and civilization.",False,1323709535.0,1323680735.0,en,False,False,12-13-2011,Futurology,09-06-2020
5140,/r/OldSchoolCool/,"OldSchoolCool: History's cool kids, looking fantastic ",14787322,public,True,"/r/OldSchoolCool

**History's cool kids, looking fantastic!**

A pictorial and video celebration of history's coolest kids, everything from beatniks to bikers, mods to rude boys, hippies to ravers. And everything in between. 

If you've found a photo, or a photo essay, of people from the past looking fantastic, here's the place to share it.",False,1335069518.0,1335040718.0,en,True,True,04-22-2012,OldSchoolCool,09-06-2020
2546,/r/WritingPrompts/,Prompts and motivation to create something out of nothing,14756497,public,True,"Writing Prompts. You're a writer and you just want to flex those muscles? You've come to the right place! If you see a prompt you like, simply write a short story based on it. Get comments from others, and leave commentary for other people's works. Let's help each other.",False,1283928740.0,1283899940.0,en,False,True,09-08-2010,WritingPrompts,09-06-2020
3275,/r/nosleep/,nosleep,14300504,public,True,Nosleep is a place for authors to share their original horror stories.,False,1269426024.0,1269397224.0,en,False,True,03-24-2010,nosleep,09-06-2020
4914,/r/personalfinance/,Personal Finance,14203707,public,False,"Learn about budgeting, saving, getting out of debt, credit, investing, and retirement planning. Join our community, read the PF Wiki, and get on top of your finances!",False,1234176132.0,1234147332.0,en,False,True,02-09-2009,personalfinance,09-06-2020
858,/r/creepy/,For All Things Creepy,13751255,public,False,All things Creepy!,False,1256094107.0,1256065307.0,en,False,True,10-21-2009,creepy,09-06-2020
6327,/r/TwoXChromosomes/,r/TwoXChromosomes: You are the community. You have all the power of the internet to mold it.,12868053,public,True,"Welcome to TwoXChromosomes, a subreddit for both serious and silly content, and intended for women's perspectives.  

We are a welcoming subreddit and support the rights of all genders.

Posts are moderated for respect, equanimity, grace, and relevance.",False,1247802784.0,1247773984.0,en,True,True,07-17-2009,TwoXChromosomes,09-06-2020
43752,/r/memes/,/r/Memes the original since 2008,12333582,public,True,"Memes!

A way of describing cultural information being shared.
An element of a culture or system of behavior that may be considered to be passed from one individual to another by nongenetic means, especially imitation.",False,1215274873.0,1215246073.0,en,False,True,07-06-2008,memes,09-06-2020
3416,/r/technology/,/r/Technology ,9499011,public,True,Subreddit dedicated to the news and discussions about the creation and use of technology and its surrounding issues.,False,1201260475.0,1201231675.0,en,False,False,01-25-2008,technology,09-06-2020
2594,/r/AdviceAnimals/,Advice Animals,9061618,public,True,Reddit's Gold Mine,False,1291770803.0,1291742003.0,en,True,True,12-08-2010,AdviceAnimals,09-06-2020
3367,/r/Fitness/,Fitness,7749345,public,False,Discussion of physical fitness/exercise goals and how they can be achieved,False,1210211367.0,1210182567.0,en,False,False,05-08-2008,Fitness,09-06-2020
9595,/r/wholesomememes/,Internet for the Spirit,7858838,public,True,Welcome to the wholesome side of the internet! This community is for those searching for a way to capture virtue on the internet.,False,1474174169.0,1474145369.0,en,False,True,09-18-2016,wholesomememes,09-06-2020
29971,/r/politics/,Politics,6542042,public,False,/r/Politics is for news and discussion about U.S. politics.,False,1186406199.0,1186377399.0,en,False,False,08-06-2007,politics,09-06-2020
24664,/r/interestingasfuck/,Interesting As Fuck,6505184,public,True,For almost anything you find interestingasfuck,False,1207851008.0,1207822208.0,en,False,True,04-11-2008,interestingasfuck,09-06-2020
10625,/r/WTF/,WTF?!,6322068,public,True,"Things that make you say ""What the F*ck"".",False,1201297459.0,1201268659.0,en,True,True,01-26-2008,WTF,09-06-2020
1880,/r/bestof/,best of reddit,5308225,public,True,The very best comments on reddit as submitted by the users of reddit.,False,1201272796.0,1201243996.0,en,False,False,01-25-2008,bestof,09-06-2020
8869,/r/BlackPeopleTwitter/,BlackPeopleTwitter,5023444,restricted,True,"Screenshots of Black people being hilarious or insightful on social media, it doesn't need to just be twitter but obviously that is best.",False,1412763304.0,1412734504.0,en,True,True,10-08-2014,BlackPeopleTwitter,09-06-2020
811,/r/travel/,travel,5037834,public,True,"r/travel is a community about exploring the world. Your pictures, questions, stories, or any good content is welcome. 

Clickbait, spam, memes, ads, brochures, classifieds, surveys or self-promotion will be removed.",False,1201272916.0,1201244116.0,en,True,True,01-25-2008,travel,09-06-2020
7942,/r/oddlysatisfying/,Oddly Satisfying,4912259,public,True,For those little things that are inexplicably satisfying.,False,1368624328.0,1368595528.0,en,True,True,05-15-2013,oddlysatisfying,09-06-2020
25039,/r/leagueoflegends/,League of K/DA,4531782,public,True,This is a subreddit devoted to the game League of Legends.,False,1263451148.0,1263422348.0,en,True,True,01-14-2010,leagueoflegends,09-06-2020
12068,/r/facepalm/,A gallery of inexplicable stupidity,4478662,public,True,"*A subreddit for you to share the stupidity of people online and IRL. Post screenshots from forums, social media sites, or just real life. 
---------------------------------------------------  

***PLEASE*** read all of the sidebar before posting, thanks!  
-------------------------------------------",False,1251478190.0,1251449390.0,en,True,True,08-29-2009,facepalm,09-06-2020
8310,/r/me_irl/,selfies of the soul,4378147,public,True,selfies of the soul,False,1351315668.0,1351286868.0,en,True,True,10-27-2012,me_irl,09-06-2020
850,/r/lifehacks/,Lifehacks,4261885,public,True,Lifehacks: Uncommon solutions to common problems.,False,1214040034.0,1214011234.0,en,True,True,06-21-2008,lifehacks,09-06-2020
3845,/r/NatureIsFuckingLit/,ðŸ”¥ Nature Is Fucking Lit,4135260,public,True,We are here to appreciate the awesome majesty and incredibly cool aspects of nature. ðŸ”¥,False,1474243958.0,1474215158.0,en,False,True,09-19-2016,NatureIsFuckingLit,09-06-2020
9762,/r/pcmasterrace/,"PC Master Race - A place where all enthusiasts of PC, PC gaming and PC technology are welcome!",4167104,public,True,"Welcome to the official subreddit of the PC Master Race. In this subreddit, we celebrate and promote the ultimate gaming and working platform. Ascend to a level that respects your eyes, your wallet, your mind, and your heart. Ascend to... the PC Master Race.",False,1304208007.0,1304179207.0,en,True,True,05-01-2011,pcmasterrace,09-06-2020
22834,/r/dankmemes/,dankmemes,3992092,public,True,BlackLivesMatter âœŠðŸ¾,False,1388746143.0,1388717343.0,en,False,True,01-03-2014,dankmemes,09-06-2020
5054,/r/Whatcouldgowrong/,What Could Possibly Go Wrong?,3973563,public,True,The best place to learn what not to do.,False,1367129174.0,1367100374.0,en,True,True,04-28-2013,Whatcouldgowrong,09-06-2020
4282,/r/Tinder/,Everything about Tinder,3940408,public,True,"A community for discussing the online dating app Tinder. Sharing conversations, reviewing profiles and more.",False,1359707601.0,1359678801.0,en,True,True,02-01-2013,Tinder,09-06-2020
29022,/r/relationship_advice/,Relationship Advice,3939122,public,False,"Need help with your relationship? Whether it's romance, friendship, family, co-workers, or basic human interaction: we're here to help!",False,1245049979.0,1245021179.0,en,False,False,06-15-2009,relationship_advice,09-06-2020
13978,/r/Minecraft/,Minecraft on reddit,3894896,public,True,Minecraft community on reddit.,False,1244715567.0,1244686767.0,en,True,True,06-11-2009,Minecraft,09-06-2020
1681,/r/BikiniBottomTwitter/,Spongebob Memes,3604599,public,True,open for business,False,1459497179.0,1459468379.0,en,False,True,04-01-2016,BikiniBottomTwitter,09-06-2020
2593,/r/trippinthroughtime/,How did I get here?,3598175,public,True,"In historic art pieces depicting multiple humans, there is a law that at least one of those humans will look like they have no clue how or why they got there. It's like Where's Waldo, except instead of looking for Waldo you're looking for the dude that looks like he just dropped acid.",False,1375629359.0,1375600559.0,en,True,True,08-05-2013,trippinthroughtime,09-06-2020
9578,/r/PS4/,PlayStation 4 - News â€¢ Discussion â€¢ Community,3572122,public,True,"The largest PlayStation 4 community on the internet.  Your hub for everything related to PS4 including games, news, reviews, discussion, questions, videos, and screenshots.",False,1274159749.0,1274130949.0,en,True,True,05-18-2010,PS4,09-06-2020
1129,/r/AnimalsBeingBros/,Animals just being bros,3535978,public,True,"A place for sharing videos, gifs, and images of animals being bros.",False,1363409910.0,1363381110.0,en,True,True,03-16-2013,AnimalsBeingBros,09-06-2020
16391,/r/nba/,NBA,3518317,public,False,A subreddit dedicated for NBA news and discussion.,False,1225851303.0,1225822503.0,en,True,False,11-05-2008,nba,09-06-2020
1642,/r/tattoos/,Tattoos,3460019,public,True,,False,1214298066.0,1214269266.0,en,False,True,06-24-2008,tattoos,09-06-2020
1007,/r/woahdude/,woahdude! psychedelic!,3369036,public,True,"The best links to click while you're stoned!

Psychedelic, mindfucking, mesmerizing, reality-distorting or trippy games, video, audio & images that make a sober person feel stoned, or stoned person trip harder!

Come for mindfucks and self-inflicted gaslighting. Or the hypnotic or mesmerising. Vivid colors, intense patterns. Mind-blowing science and philosophy. Chill or trippy music. Surrealism, absurdism and strangeness.

Reminder: This is not a ""reaction subreddit"".",False,1254691960.0,1254663160.0,en,True,True,10-05-2009,woahdude,09-06-2020
1085,/r/AnimalsBeingJerks/,animals being jerks!,3389932,public,True,"A place for sharing videos, gifs, and images of animals being jerks.",False,1361534712.0,1361505912.0,en,True,True,02-22-2013,AnimalsBeingJerks,09-06-2020
571,/r/reactiongifs/,Reaction GIFS: Your absurd responses to everything.,3274232,public,True,"Give a man a gif and he will meme all day, teach a man to REACT and he will be as a GOD",False,1322722917.0,1322694117.0,en,False,True,12-01-2011,reactiongifs,09-06-2020
1513,/r/FoodPorn/,Food Porn,3263670,public,True,"Simple, attractive, and visual. Nothing suggestive or inappropriate, this is a safe for work subreddit.",False,1259112751.0,1259083951.0,en,False,True,11-25-2009,FoodPorn,09-06-2020
735,/r/photography/,Photography,3299895,public,True,"/r/photography is a place to politely discuss the tools, technique and culture of photography.

This is not a good place to simply share cool photos or promote your work, but rather a place to discuss photography as an art and post things that would be of interest to other photographers.",False,1201267969.0,1201239169.0,en,True,True,01-25-2008,photography,09-06-2020
2757,/r/Overwatch/,Overwatch,3201070,public,True,"Subreddit for all things Overwatchâ„¢, the team-based shooter from Blizzard Entertainment.",False,1337857667.0,1337828867.0,en,True,True,05-24-2012,Overwatch,09-06-2020
7796,/r/PewdiepieSubmissions/,/r/PewdiepieSubmissions,3172812,public,True,The subreddit full of 19y/o fans of Pewdiepie aka Felix Kjellberg,False,1497805963.0,1497777163.0,en,True,True,06-19-2017,PewdiepieSubmissions,09-06-2020
12193,/r/Unexpected/,Unexpected,3152390,public,True,This subreddit is for unexpected twists in videos and gifs,False,1359351504.0,1359322704.0,en,True,True,01-28-2013,Unexpected,09-06-2020
3989,/r/dadjokes/,r/DadJokes - the best Dad Jokes on reddit,3120535,public,True,"Welcome to r/dadjokes - a homely place for the best and worst of jokes that make you laugh and cringe in equal measure. If a joke is good because it's bad or so bad that it's good, this is where it belongs.",False,1319404405.0,1319375605.0,en,False,False,10-24-2011,dadjokes,09-06-2020
5341,/r/relationships/,Relationships,2964087,public,False,/r/Relationships is a community built around helping people and the goal of providing a platform for interpersonal relationship advice between redditors. We seek posts from users who have specific and personal relationship quandaries that other redditors can help them try to solve.,False,1215671186.0,1215642386.0,en,False,False,07-10-2008,relationships,09-06-2020
2575,/r/boardgames/,boardgames,3000935,public,True,"The #1 reddit source for news, information, and discussion about modern board games and board game culture.  

Join our community! Come discuss games like Codenames, Arkham Horror, Terra Mystica, and all your other favorite games!",False,1221561758.0,1221532958.0,en,False,True,09-16-2008,boardgames,09-06-2020
1919,/r/gardening/,"Gardening, Plants, and Agriculture.",3004953,public,False,"A place for the best guides, pictures, and discussions of all things related to plants and their care.",False,1206022400.0,1205993600.0,en,True,True,03-20-2008,gardening,09-06-2020
1051,/r/instant_regret/,"""What have I done...""",2910445,public,True,"Instant Regret
(in'-stint rÄ“-gret') n.
a subreddit dedicated to deliberate actions that unexpectedly lead to undesirable consequences and horrible results; things which may cause someone to say, ""oh man, did I just screw the pooch!""",False,1404201563.0,1404172763.0,en,False,True,07-01-2014,instant_regret,09-06-2020
6842,/r/gonewild/,Reddit Gone Wild - A Decade of Debauchery - 2 million +,2886920,public,True,"A place for open-minded Adult Redditors to show off their nude bodies for fun.

The nudity here is 100% free! Don't advertise here (or use us elsewhere), mention money, votes, followers or anything similar. **PLEASE read our rules before participating. We do not allow sellers/promoters/""content creators"" â€” this includes posts to other subreddits and your profile.**",True,1229709871.0,1229681071.0,en,False,True,12-20-2008,gonewild,09-06-2020
35428,/r/nextfuckinglevel/,â¬† Next Fucking Level â¬†,2914382,public,True,"A subreddit for pictures, gifs and videos that are next fucking level.",False,1532033115.0,1532004315.0,en,True,True,07-20-2018,nextfuckinglevel,09-06-2020
3838,/r/programming/,programming,2841364,public,True,Computer Programming,False,1141179569.0,1141150769.0,en,False,False,03-01-2006,programming,09-06-2020
3518,/r/mildlyinfuriating/,jukmifgguggh,2839444,public,True,"A place to post the most midly infuriating things!

&nbsp;

.

order corn",False,1339990463.0,1339961663.0,en,True,True,06-18-2012,mildlyinfuriating,09-06-2020
23499,/r/PublicFreakout/,/r/PublicFreakout,2779060,public,True,"A subreddit dedicated to people freaking out, melting down, losing their cool, or being weird in public.",False,1381638809.0,1381610009.0,en,True,True,10-13-2013,PublicFreakout,09-06-2020
13604,/r/WatchPeopleDieInside/,Watch People Die Inside,2816925,public,True,"People dying - but on the inside.

Subscribe to /r/TurtleFacts",False,1477085901.0,1477057101.0,en,True,True,10-22-2016,WatchPeopleDieInside,09-06-2020
4506,/r/pokemon/,PokÃ©mon: Gotta Catch â€™Em All!,2787906,public,True,"r/pokemon is an unofficial PokÃ©mon fan community. This is the place for most things PokÃ©mon on Redditâ€”TV shows, video games, toys, trading cards, you name it!",False,1221195355.0,1221166555.0,en,False,True,09-12-2008,pokemon,09-06-2020
4147,/r/AnimalsBeingDerps/,"Aww, they're so stupid",2760870,public,True,"Pictures, gifs and videos",False,1369270264.0,1369241464.0,en,False,True,05-23-2013,AnimalsBeingDerps,09-06-2020
2989,/r/pokemongo/,PokÃ©mon GO - Discover PokÃ©mon in the Real World!,2733914,public,True,"PokÃ©mon GO

The subreddit for Niantic's PokÃ©mon-based Augmented Reality game. We are not affiliated with The PokÃ©mon Company, Nintendo, or Niantic.",False,1415963430.0,1415934630.0,en,True,True,11-14-2014,pokemongo,09-06-2020
